Bias,MAE,RMSE
-0.0021101671690874,2.133817484242258,2.731584494459208
-0.0019364830425947,2.051247948557145,2.6243241369221986
-0.021068955549681197,1.8862027739970857,2.4080973194687667
