Model,Bias,MAE,RMSE
naïve,-0.0021101671690874207,2.133817484242258,2.7315844944592076
Exponential Smoothing,-0.0019364830425947395,2.051247948557145,2.6243241369221986
